species,common_name,genome_size,gene_number,GC_percent,haploid_number,taxon,fig1_labels,fig2_labels,notes
hantavirus,hantavirus,1641,4,43.1000,NA,virus,hantavirus,NA,
Avian gyrovirus 2,gyrovirus,2383,3,53.6000,NA,virus,NA,NA,
phiX174,,5386,11,44.7000,NA,virus,NA,NA,virus of E. coli
rhinovirus A,rhinovirus,7212,11,38.6000,NA,virus,NA,NA,
HIV,HIV,8955,9,41.6000,NA,virus,HIV,NA,
SARS-CoV-2,covid-19,29903,12,37.9200,NA,virus,SARS-CoV-2,NA,
phage T7,phage T7,39095,55,48.5000,NA,virus,phage T7,NA,virus of E. coli
Lokivirus,Lokivirus,41308,51,44.3000,NA,virus,NA,NA,
phage T2,phage T2,163828,266,35.3000,NA,virus,phage T2,NA,virus of E. coli
phage T4,phage T4,168903,288,35.3000,NA,virus,NA,NA,virus of E. coli
Epstein-Barr virus,Epstein-Barr virus,172282,80,59.5000,NA,virus,Epstein-Barr virus,NA,causes mononucleosis
Pandoravirus salinus,pandoravirus,2473870,1647,61.7000,NA,virus,pandoravirus,NA,
Nanoarchaeum equitans,,490885,536,31.6000,NA,archaea,NA,NA,
Methanothermus fervidus,,1243000,1361,31.6000,NA,archaea,NA,NA,
Ignicoccus hospitalis,,1297000,1496,56.5000,NA,archaea,NA,NA,
Thermosphaera aggregans,,1316000,1457,47.1500,NA,archaea,NA,NA,
Methanocella conradii,,1316380,2512,52.6500,NA,archaea,NA,NA,
Methanocaldococcus infernus,,1328000,1513,33.6000,NA,archaea,NA,NA,
Desulfurococcus kamchatkensis,,1365000,1521,45.0000,NA,archaea,NA,NA,
Methanocaldococcus fervens,,1485000,1663,32.2088,NA,archaea,NA,NA,
Aciduliprofundum boonei,,1486000,1587,39.2500,NA,archaea,NA,NA,
Acidilobus saccharovorans,,1496000,1547,57.2000,NA,archaea,NA,NA,
Picrophilus torridus,,1545895,1535,36.0000,NA,archaea,NA,NA,
Archaeoglobus profundus,,1563000,1911,31.4500,NA,archaea,NA,NA,
Thermoplasma acidophilum,,1564906,1478,46.3000,NA,archaea,NA,NA,
Methanococcus aeolicus,,1569000,1554,29.9500,NA,archaea,NA,NA,
Staphylothermus marinus,,1570000,1659,35.7000,NA,archaea,NA,NA,
Staphylothermus hellenicus,,1580000,1716,36.8000,NA,archaea,NA,NA,
Thermoplasma volcanium,,1584804,1526,39.9000,NA,archaea,NA,NA,
Methanothermobacter marburgensis,,1634000,1806,48.5913,NA,archaea,NA,NA,
Nitrosopumilus maritimus,,1645000,1842,34.2000,NA,archaea,NA,NA,
Methanothermococcus okinawensis,,1662000,1662,35.6000,NA,archaea,NA,NA,
Hyperthermus butylicus,,1667000,1669,53.7000,NA,archaea,NA,NA,
Aeropyrum pernix,,1669695,2694,56.4000,NA,archaea,NA,NA,
Methanopyrus kandleri,,1694969,1691,60.8500,NA,archaea,NA,NA,
Methanobrevibacter smithii,,1704000,1748,31.1000,NA,archaea,NA,NA,
Pyrococcus yayanosii,,1716000,1952,51.6000,NA,archaea,NA,NA,
Methanococcus vannielii,,1720000,1755,31.3000,NA,archaea,NA,NA,
Pyrococcus horikoshii,,1738505,2061,41.8500,NA,archaea,NA,NA,
Methanocaldococcus vulcanius,,1746000,1808,31.5862,NA,archaea,NA,NA,
Pyrococcus abyssi,,1765118,1784,44.6975,NA,archaea,NA,NA,
Methanosphaera stadtmanae,,1767403,1534,27.7000,NA,archaea,NA,NA,
Thermoproteus neutrophilus,,1769000,2053,59.9000,NA,archaea,NA,NA,
Methanococcus maripaludis,,1780000,1896,32.9000,NA,archaea,NA,NA,
Thermofilum pendens,,1781000,1930,57.6792,NA,archaea,NA,NA,
Methanocorpusculum labreanum,,1804000,1830,50.3000,NA,archaea,NA,NA,
Pyrobaculum islandicum,,1826000,2063,49.6000,NA,archaea,NA,NA,
Metallosphaera cuprina,,1840000,2077,42.0000,NA,archaea,NA,NA,
Thermoproteus tenax,,1841000,2100,55.1000,NA,archaea,NA,NA,
Pyrolobus fumarii,,1843000,2038,54.9000,NA,archaea,NA,NA,
Thermococcus sibiricus,,1845000,2085,40.2000,NA,archaea,NA,NA,
Thermococcus onnurineus,,1847000,2027,51.3000,NA,archaea,NA,NA,
Methanotorris igneus,,1854000,1843,32.3000,NA,archaea,NA,NA,
Ferroplasma acidarmanus,,1865000,1742,36.5000,NA,archaea,NA,NA,
Ignisphaera aggregans,,1875000,2042,40.5500,NA,archaea,NA,NA,
Methanosaeta thermophila,,1879000,1785,53.5000,NA,archaea,NA,NA,
Pyrococcus furiosus,,1908256,2065,40.8000,NA,archaea,NA,NA,
Methanococcus voltae,,1936000,1768,29.0000,NA,archaea,NA,NA,
Pyrobaculum calidifontis,,2009000,2213,57.2000,NA,archaea,NA,NA,
Thermococcus barophilus,,2010000,2196,41.7541,NA,archaea,NA,NA,
Methanohalophilus mahii,,2012000,2095,42.6000,NA,archaea,NA,NA,
Cenarchaeum symbiosum,,2045000,2066,57.4000,NA,archaea,NA,NA,
Thermococcus gammatolerans,,2045000,2206,53.6000,NA,archaea,NA,NA,
Caldivirga maquilingensis,,2077000,2011,43.1000,NA,archaea,NA,NA,
Thermococcus kodakaraensis,,2088737,2306,52.0000,NA,archaea,NA,NA,
Pyrobaculum arsenaticum,,2121000,2410,55.1000,NA,archaea,NA,NA,
Acidianus hospitalis,,2137000,2424,34.0500,NA,archaea,NA,NA,
Methanosalsum zhilinae,,2138000,2086,39.2000,NA,archaea,NA,NA,
Metallosphaera sedula,,2191000,2347,46.2000,NA,archaea,NA,NA,
Ferroglobus placidus,,2196000,2622,44.1000,NA,archaea,NA,NA,
Pyrobaculum aerophilum,,2222430,2605,51.4000,NA,archaea,NA,NA,
Sulfolobus acidocaldarius,,2225959,2223,36.7000,NA,archaea,NA,NA,
Methanohalobium evestigatum,,2406232,2254,36.3956,NA,archaea,NA,NA,
Halobacterium salinarum,,2429680,2801,66.2000,NA,archaea,NA,NA,
Methanoculleus marisnigri,,2478000,2560,62.0000,NA,archaea,NA,NA,
Methanoregula boonei,,2542000,2518,54.5000,NA,archaea,NA,NA,
Methanococcoides burtonii,,2575032,2273,40.8000,NA,archaea,NA,NA,
Natronomonas pharaonis,,2595221,2675,63.0807,NA,archaea,NA,NA,
Sulfolobus tokodaii,,2694765,2826,32.6500,NA,archaea,NA,NA,
Sulfolobus islandicus,,2722000,2996,35.1000,NA,archaea,NA,NA,
Methanoplanus petrolearius,,2843000,2881,47.4000,NA,archaea,NA,NA,
Methanosphaerula palustris,,2922000,2859,55.4000,NA,archaea,NA,NA,
Methanobrevibacter ruminantium,,2937000,2283,32.2000,NA,archaea,NA,NA,
Methanocella paludicola,,2957635,3004,54.9000,NA,archaea,NA,NA,
Sulfolobus solfataricus,,2992245,2995,35.8000,NA,archaea,NA,NA,
Halorhabdus utahensis,,3116000,3076,62.9000,NA,archaea,NA,NA,
Haloarcula marismortui,,3131724,3131,61.1683,NA,archaea,NA,NA,
Haloquadratum walsbyi,,3132000,2914,47.5500,NA,archaea,NA,NA,
Halomicrobium mukohataei,,3332000,3475,65.5534,NA,archaea,NA,NA,
Haloarcula hispanica,,3484000,3561,62.4615,NA,archaea,NA,NA,
Methanospirillum hungatei,,3544738,3139,45.6500,NA,archaea,NA,NA,
Halopiger xanaduensis,,3668000,3685,65.1966,NA,archaea,NA,NA,
Halalkalicoccus jeotgali,,3690000,3925,62.6000,NA,archaea,NA,NA,
Natrialba magadii,,3751000,4364,61.0660,NA,archaea,NA,NA,
Halorhabdus tiamatea,,3840000,4034,62.6350,NA,archaea,NA,NA,
Halogeometricum borinquense,,3920000,4059,59.9000,NA,archaea,NA,NA,
Haloferax volcanii,,4013400,4130,65.6000,NA,archaea,Haloferax,NA,
Methanosarcina mazei,,4096345,3371,41.6000,NA,archaea,NA,NA,
Halorubrum lacusprofundi,,4300000,3725,64.4500,NA,archaea,NA,NA,
Halobiforma lacisalsi,,4320000,4682,65.2687,NA,archaea,NA,NA,
Methanosarcina barkeri,,4837408,3607,39.1690,NA,archaea,NA,NA,
Haloterrigena turkmenica,,5440000,5351,64.2484,NA,archaea,NA,NA,
Methanosarcina acetivorans,,5751492,4540,43.5000,NA,archaea,NA,NA,
human mitochondrion,,16569,37,NA,NA,bacteria,animal mitochondrion,NA,
Mycoplasma genitalium,,579677,476,31.7000,NA,bacteria,NA,NA,
Buchnera aphidicola,,640681,564,25.2638,NA,bacteria,NA,NA,
Candidatus Baumannia cicadellinicola,leafhopper endosymbiont,686194,595,33.1000,NA,bacteria,NA,NA,
Wigglesworthia glossinidia,,697724,611,23.8481,NA,bacteria,NA,NA,
Blochmannia floridanus,,705557,589,27.4000,NA,bacteria,NA,NA,
Ureaplasma urealyticum,,751719,611,25.8000,NA,bacteria,NA,NA,
Mycoplasma mobile,,777079,635,25.0000,NA,bacteria,NA,NA,
Blochmannia pennsylvanicus,,791654,610,29.6000,NA,bacteria,NA,NA,
Mesoplasma florum,,793224,683,27.0000,NA,bacteria,NA,NA,
Mycoplasma synoviae,,799476,672,28.2000,NA,bacteria,NA,NA,
Neorickettsia sennetsu,,859006,932,41.1000,NA,bacteria,NA,NA,
Borrelia garinii,,904246,832,28.0000,NA,bacteria,NA,NA,
Borrelia burgdorferi,Lyme disease spirochete,910724,850,28.2286,NA,bacteria,NA,NA,
Tropheryma whippelii,,925938,784,46.4000,NA,bacteria,NA,NA,
Chlamydia trachomatis,,1044459,911,41.3000,NA,bacteria,NA,NA,
Chlamydia muridarum,,1072950,904,40.3000,NA,bacteria,NA,NA,
Rickettsia typhi,,1111496,838,34.0000,NA,bacteria,NA,NA,
Rickettsia prowazekii,,1111523,834,29.0000,NA,bacteria,NA,NA,
Treponema pallidum,,1138011,1031,52.8000,NA,bacteria,NA,NA,
Chlamydophila abortus,,1144377,961,39.9000,NA,bacteria,NA,NA,
Chlamydophila felis,,1166239,1005,39.3646,NA,bacteria,NA,NA,
Chlamydophila caviae,,1173390,998,39.0000,NA,bacteria,NA,NA,
Ehrlichia chaffeensis,,1176248,1105,30.1000,NA,bacteria,NA,NA,
Anaplasma marginale,,1197687,949,49.8000,NA,bacteria,NA,NA,
Mycoplasma mycoides,,1211703,1016,23.9000,NA,bacteria,NA,NA,
Chlamydophila pneumoniae,,1229853,1110,40.6000,NA,bacteria,NA,NA,
Wolbachia pipientis,,1267782,1195,35.2000,NA,bacteria,NA,NA,
Rickettsia conorii,,1268755,1374,32.4000,NA,bacteria,NA,NA,Causative agent for Rocky Mountain spotted fever
Pelagibacter ubique,,1308759,1354,29.4000,NA,bacteria,NA,NA,
Ehrlichia canis,,1315030,925,29.0000,NA,bacteria,NA,NA,Causes ehrlichiosis in dogs
Mycoplasma penetrans,,1358633,1037,25.7000,NA,bacteria,NA,NA,
Dehalococcoides mccartyi,,1469720,1580,47.3000,NA,bacteria,NA,NA,
Anaplasma phagocytophilum,,1471282,1264,41.6000,NA,bacteria,NA,NA,
Ehrlichia ruminantium,,1499920,950,27.5000,NA,bacteria,NA,NA,
Anaplasma phagocytophilum,anaplasmosis pathogen,1502020,1007,41.6000,NA,bacteria,NA,NA,
Rickettsia bellii,,1522076,1429,31.6000,NA,bacteria,NA,NA,
Aquifex aeolicus,,1551335,1522,42.8000,NA,bacteria,NA,NA,
Bartonella quintana,,1581384,1308,38.8000,NA,bacteria,NA,NA,
Thermodesulfobacterium geofontis,,1634377,1635,31.4000,NA,bacteria,NA,NA,
Campylobacter jejuni,,1641481,1643,30.4000,NA,bacteria,NA,NA,causes food poisoning
Prochlorococcus marinus,,1657990,1716,31.3000,NA,bacteria,NA,NA,
Helicobacter pylori,,1667867,1566,38.9000,NA,bacteria,NA,NA,
Haemophilus ducreyi,,1698955,1717,38.2000,NA,bacteria,NA,NA,
Lawsonia intracellularis,,1719014,1344,32.9000,NA,bacteria,NA,NA,
Bombiscardovia coagulans,,1741330,1382,47.3000,NA,bacteria,NA,NA,
Streptococcus thermophilus,,1796846,1889,38.9153,NA,bacteria,NA,NA,
Helicobacter hepaticus,,1799146,1875,35.9500,NA,bacteria,NA,NA,
Thermotoga petrophila,,1820000,1785,45.9000,NA,bacteria,NA,NA,
Lactobacillus salivarius,,1827111,1717,32.8000,NA,bacteria,NA,NA,
Thermotoga maritima,,1860725,1846,46.2000,NA,bacteria,NA,NA,
Lactobacillus delbrueckii,,1864998,2096,49.7000,NA,bacteria,NA,NA,
Lactobacillus sakei,,1884661,1885,41.0649,NA,bacteria,NA,NA,
Francisella tularensis,,1895994,1967,32.2000,NA,bacteria,NA,NA,
Bifidobacterium bombi,,1904020,1416,56.0500,NA,bacteria,NA,NA,
Haemophilus influenzae,,1913428,1792,38.0000,NA,bacteria,NA,NA,
Thermosipho melanesiensis,,1920000,1879,31.2000,NA,bacteria,NA,NA,
Streptococcus pyogenes,,1928252,1987,38.4000,NA,bacteria,NA,NA,
Bartonella henselae,,1931047,1612,38.1500,NA,bacteria,NA,NA,
Fervidobacterium nodosum,,1950000,1750,35.0000,NA,bacteria,NA,NA,
Lactobacillus johnsonii,,1992676,1821,34.4000,NA,bacteria,NA,NA,
Lactobacillus acidophilus,,1993564,1864,34.6000,NA,bacteria,NA,NA,
Coxiella burnetii,,1995281,2016,42.6000,NA,bacteria,NA,NA,
Thermosipho africanus,,2016657,2000,30.7000,NA,bacteria,NA,NA,
Streptococcus mutans,,2030921,1960,36.8000,NA,bacteria,NA,NA,causes dental cavities
Streptococcus pneumoniae,,2038615,2043,39.6000,NA,bacteria,NA,NA,Can cause respiratory disease
Zymomonas mobilis,,2056416,1998,46.1000,NA,bacteria,NA,NA,
Streptococcus agalactiae,,2127839,1996,35.4000,NA,bacteria,NA,NA,
Thermotoga lettingae,,2140000,2040,38.7000,NA,bacteria,NA,NA,
Neisseria gonorrhoeae,,2153922,2002,52.4000,NA,bacteria,NA,NA,Causes gonorrhea
Chlorobium tepidum,,2154946,2255,56.5000,NA,bacteria,NA,NA,
Calditerrivibrio nitroreducens,,2157835,2117,35.6878,NA,bacteria,NA,NA,
Fusobacterium nucleatum,,2174500,2067,27.0000,NA,bacteria,NA,NA,
Neisseria meningitidis,,2184406,2121,51.7000,NA,bacteria,NA,NA,Causes septicemia and meningitis
Sulfurimonas denitrificans,,2201561,2104,34.5000,NA,bacteria,NA,NA,
Thiomicrospira denitrificans,,2201561,2097,34.5000,NA,bacteria,NA,NA,
Deferribacter desulfuricans,,2234389,2184,30.2992,NA,bacteria,NA,NA,
Bifidobacterium longum,,2256640,1727,60.0000,NA,bacteria,NA,NA,
Pasteurella multocida,,2257487,2014,40.3000,NA,bacteria,NA,NA,
Thermus aquaticus,Taq,2293710,2361,67.9206,NA,bacteria,Taq,NA,
Kosmotoga olearia,,2302126,2118,41.5000,NA,bacteria,NA,NA,
Apibacter mensalis,,2310130,2036,30.6500,NA,bacteria,NA,NA,
Mannheimia succiniciproducens,,2314078,2384,42.5000,NA,bacteria,NA,NA,
Mucispirillum schaedleri,,2319180,2144,31.2000,NA,bacteria,NA,NA,
Thermodesulfatator indicus,,2322224,2291,42.4000,NA,bacteria,NA,NA,
Porphyromonas gingivalis,,2343476,1909,48.4000,NA,bacteria,NA,NA,Associated with severe and chronic periodontal disease
Frischella perrara,,2348200,2224,34.0000,NA,bacteria,NA,NA,
Pelodictyon luteolum,,2364842,2083,56.7000,NA,bacteria,NA,NA,
Lactococcus lactis,,2365589,2266,35.0000,NA,bacteria,NA,NA,
Saccharibacter floricola,,2384070,2156,51.2000,NA,bacteria,NA,NA,
Carboxydothermus hydrogenoformans,,2401520,2620,42.0000,NA,bacteria,NA,NA,
Thiomicrospira crunogena,,2427734,2192,43.1000,NA,bacteria,NA,NA,
Snodgrassella alvi,,2429500,2166,41.3000,NA,bacteria,NA,NA,
Corynebacterium jeikeium,,2462499,2104,61.7000,NA,bacteria,NA,NA,
Deinococcus geothermalis,,2467205,2335,66.5704,NA,bacteria,NA,NA,
Corynebacterium diphtheriae,diphtheria pathogen,2488635,2320,53.6000,NA,bacteria,NA,NA,Causative agent of diphtheria
Staphylococcus epidermidis,,2499279,2419,32.0000,NA,bacteria,NA,NA,
Staphylococcus saprophyticus,,2516575,2446,33.0000,NA,bacteria,NA,NA,
Flexistipes sinusarabici,,2526590,2397,38.5000,NA,bacteria,NA,NA,
Cutibacterium acnes,,2560265,2297,60.1000,NA,bacteria,NA,NA,Acne causing bacterium
Chlorobium chlorochromatii,,2572079,2002,45.5000,NA,bacteria,NA,NA,
Leifsonia xyli,,2584158,2030,68.3000,NA,bacteria,NA,NA,
Thermosynechococcus elongatus,,2593857,2475,53.6000,NA,bacteria,NA,NA,
Moorella thermoacetica,,2628784,2465,55.8000,NA,bacteria,NA,NA,
Psychrobacter arcticum,,2650701,2147,42.7500,NA,bacteria,NA,NA,
Akkermansia muciniphila,,2664102,2176,55.7000,NA,bacteria,NA,NA,
Xylella fastidiosa,,2679306,2766,51.7613,NA,bacteria,NA,NA,
Staphylococcus haemolyticus,,2685015,2678,32.7000,NA,bacteria,NA,NA,
Caldanaerobacter subterraneus,,2689445,2588,37.5000,NA,bacteria,NA,NA,
Synechococcus elongatus,,2695903,2611,55.4280,NA,bacteria,NA,NA,
Gluconobacter oxydans,,2702173,2432,60.8400,NA,bacteria,NA,NA,
Gilliamella apicola,,2741260,2551,34.4000,NA,bacteria,NA,NA,
Staphylococcus aureus,,2809422,2673,32.7000,NA,bacteria,NA,NA,
Nitrosomonas europaea,,2812094,2574,50.7000,NA,bacteria,NA,NA,
Idiomarina loihiensis,,2839318,2628,47.0000,NA,bacteria,NA,NA,
Agrobacterium tumefaciens,,2841581,2722,59.3000,NA,bacteria,NA,NA,
Treponema denticola,,2843201,2767,37.9000,NA,bacteria,NA,NA,
Thiobacillus denitrificans,,2909809,2827,34.5000,NA,bacteria,NA,NA,
Listeria monocytogenes,,2944528,2855,37.9000,NA,bacteria,NA,NA,
Methylobacillus flagellatus,,2971517,2753,55.7000,NA,bacteria,NA,NA,
Listeria innocua,,3011208,2981,37.4000,NA,bacteria,NA,NA,
Erythrobacter litoralis,,3052398,3011,65.2000,NA,bacteria,NA,NA,
Psychrobacter cryohalolentis,,3100000,2575,42.2469,NA,bacteria,NA,NA,
Corynebacterium efficiens,,3147090,2942,62.8673,NA,bacteria,NA,NA,
Syntrophus aciditrophicus,,3179300,3168,51.8000,NA,bacteria,NA,NA,
Nitrosospira multiformis,,3184243,2757,53.4000,NA,bacteria,NA,NA,
Pseudoalteromonas haloplanktis,,3214944,2941,40.5000,NA,bacteria,NA,NA,
Enterococcus faecalis,,3218031,3113,37.4000,NA,bacteria,NA,NA,
Denitrovibrio acetiphilus,,3222077,3068,42.5000,NA,bacteria,NA,NA,
Rubrobacter xylanophilus,,3225748,3140,68.7000,NA,bacteria,NA,NA,
Mycobacterium leprae,,3268203,2720,57.8000,NA,bacteria,NA,NA,Causative agent of human leprosy
Deinococcus radiodurans,,3279220,3092,66.6728,NA,bacteria,NA,NA,
Burkholderia cenocepacia,,3294563,2965,67.0000,NA,bacteria,NA,NA,
Methylococcus capsulatus,,3304561,2960,63.5000,NA,bacteria,NA,NA,
Lactobacillus plantarum,,3308274,3051,44.5000,NA,bacteria,NA,NA,
Corynebacterium glutamicum,,3309401,3099,54.1000,NA,bacteria,NA,NA,
Sphingopyxis alaskensis,,3345170,3165,65.2784,NA,bacteria,NA,NA,
Legionella pneumophila,,3345687,2947,38.3000,NA,bacteria,NA,NA,Causes Legionnaire's disease
Nitrobacter winogradskyi,,3402093,3122,61.3000,NA,bacteria,NA,NA,
Nitrosococcus oceani,,3481691,2976,50.3000,NA,bacteria,NA,NA,
Burkholderia mallei,,3510148,2996,68.5000,NA,bacteria,NA,NA,Causes glanders in horses
Desulfotalea psychrophila,,3523383,3118,44.2000,NA,bacteria,NA,NA,
Geobacillus kaustophilus,,3544776,3498,51.9474,NA,bacteria,NA,NA,
Salinibacter ruber,,3551823,2801,65.8000,NA,bacteria,NA,NA,
Novosphingobium aromaticivorans,,3561584,3324,65.1271,NA,bacteria,NA,NA,
Symbiobacterium thermophilum,,3566135,3337,69.2000,NA,bacteria,NA,NA,
Desulfovibrio vulgaris,,3570858,3379,63.2197,NA,bacteria,NA,NA,
Oceanobacillus iheyensis,,3630528,3496,35.4000,NA,bacteria,NA,NA,
Thermobifida fusca,,3642249,3110,67.5500,NA,bacteria,NA,NA,
Sinorhizobium meliloti,,3654135,3341,62.1000,NA,bacteria,NA,NA,
Pelobacter carbinolicus,,3665893,3119,55.1000,NA,bacteria,NA,NA,
Chromohalobacter salexigens,,3696649,3298,63.8000,NA,bacteria,NA,NA,
Ralstonia solanacearum,,3716413,3441,66.7000,NA,bacteria,NA,NA,plant pathogen
Desulfovibrio desulfuricans,,3730232,3775,57.3000,NA,bacteria,NA,NA,
Sinorhizobium medicae,,3781904,3635,61.1000,NA,bacteria,NA,NA,
Bdellovibrio bacteriovorus,,3782950,3583,48.7000,NA,bacteria,NA,NA,
Ralstonia eutropha,,3806533,3439,66.0000,NA,bacteria,NA,NA,
Burkholderia thailandensis,,3809201,3276,67.7000,NA,bacteria,NA,NA,
Geobacter sulfurreducens,,3814139,3447,60.9000,NA,bacteria,NA,NA,
Ralstonia metallidurans,,3928089,3601,63.6000,NA,bacteria,NA,NA,
Clostridium acetobutylicum,,3940880,3672,30.7547,NA,bacteria,NA,NA,
Acinetobacter baumannii,,3964860,3325,39.0000,NA,bacteria,NA,NA,
Geobacter metallireducens,,3997420,3519,59.6380,NA,bacteria,NA,NA,
Caulobacter crescentus,,4016947,3737,67.2000,NA,bacteria,NA,NA,
Vibrio cholerae,,4020080,3558,47.5000,NA,bacteria,NA,NA,
Photobacterium profundum,,4085304,3416,41.4000,NA,bacteria,NA,NA,
Bordetella pertussis,,4086189,3806,67.7000,NA,bacteria,NA,NA,
Silicibacter pomeroyi,,4109442,3810,63.8000,NA,bacteria,NA,NA,
Burkholderia pseudomallei,,4126292,3736,68.2000,NA,bacteria,Burkholderia,NA,
Clostridium difficile,,4153430,3686,28.5000,NA,bacteria,NA,NA,
Sodalis glossinidius,,4171146,2432,54.4346,NA,bacteria,NA,NA,
Bacillus subtilis,,4214630,4106,43.6000,NA,bacteria,NA,NA,
Aliivibrio fischeri,,4242910,3729,38.2000,NA,bacteria,NA,NA,"symbiont in fish, squid, and other marine animals"
Mycobacterium bovis,,4345492,3953,65.6000,NA,bacteria,NA,NA,
Rhodospirillum rubrum,,4352825,3791,65.3317,NA,bacteria,NA,NA,
Shigella dysenteriae,,4369232,4277,50.9000,NA,bacteria,NA,NA,Causes dysentery
Rhizobium etli,,4381608,4067,61.0980,NA,bacteria,NA,NA,Nitrogen-fixing plant symbiont
Nitrobacter hamburgensis,,4406967,3804,61.6047,NA,bacteria,NA,NA,
Mycobacterium tuberculosis,,4411532,3999,65.6000,NA,bacteria,NA,NA,Causative agent of tuberculosis
Dechloromonas aromatica,,4501104,4171,33.4500,NA,bacteria,NA,NA,
Shigella boydii,,4519823,4142,50.8000,NA,bacteria,NA,NA,Causes dysentery
Shewanella denitrificans,,4545906,3754,45.1000,NA,bacteria,NA,NA,
Salmonella enterica,,4585229,4093,52.1000,NA,bacteria,NA,NA,Causes enteric infections
Yersinia pestis,,4595065,3895,47.5000,NA,bacteria,NA,NA,
Shigella flexneri,,4599354,4073,50.5000,NA,bacteria,NA,NA,Causes dysentery
Leptospira interrogans,,4627030,3394,35.0000,NA,bacteria,NA,NA,Causative agent of leptospirosis
Escherichia coli K-12,E. coli,4639675,4331,50.6000,NA,bacteria,E. coli,NA,
Gloeobacter violaceus,,4659019,4430,62.0000,NA,bacteria,NA,NA,
Rhodoferax ferrireducens,,4712337,4170,60.0000,NA,bacteria,NA,NA,"Electricity-generating, iron-reducing bacterium"
Chromobacterium violaceum,,4751080,4407,64.9000,NA,bacteria,NA,NA,
Bordetella parapertussis,,4773551,4402,65.3000,NA,bacteria,NA,NA,
Shigella sonnei,,4825265,4224,50.7000,NA,bacteria,NA,NA,Causes dysentery
Mycobacterium avium,,4829781,4350,69.1000,NA,bacteria,NA,NA,
Burkholderia xenovorans,,4895836,4430,62.6334,NA,bacteria,NA,NA,
Xanthomonas oryzae,,4941439,4637,63.7000,NA,bacteria,NA,NA,
Magnetospirillum magneticum,,4967148,4559,65.1000,NA,bacteria,NA,NA,
Shewanella oneidensis,,4969803,4630,46.1000,NA,bacteria,NA,NA,
Anaeromyxobacter dehalogenans,,5013479,4346,50.1000,NA,bacteria,NA,NA,
Enterobacter cloacae,,5045280,4699,55.0000,NA,bacteria,NA,NA,Nosocomial pathogen
Saccharophagus degradans,,5057531,4008,45.7500,NA,bacteria,NA,NA,
Erwinia carotovora,,5064019,4492,51.9000,NA,bacteria,NA,NA,
Bacillus anthracis,anthrax pathogen,5228663,5287,35.2000,NA,bacteria,NA,NA,
Bacillus thuringiensis,Bt,5237682,5117,35.1000,NA,bacteria,NA,NA,
Bordetella bronchiseptica,,5339179,5006,68.4000,NA,bacteria,NA,NA,
Colwellia psychrerythraea,,5373180,4910,38.0500,NA,bacteria,NA,NA,
Rhodopseudomonas palustris,,5513844,4886,65.0465,NA,bacteria,NA,NA,
Photorhabdus luminescens,,5688987,4905,42.5500,NA,bacteria,NA,NA,
Desulfitobacterium hafniense,,5727534,5060,47.4500,NA,bacteria,NA,NA,
Pseudomonas entomophila,,5888780,5168,64.0000,NA,bacteria,NA,NA,
Nocardia farcinica,,6021225,5683,70.7000,NA,bacteria,NA,NA,
Pseudomonas syringae,,6093698,5136,59.0000,NA,bacteria,NA,NA,plant pathogen
Pseudomonas putida,,6181863,5350,61.9000,NA,bacteria,NA,NA,
Pseudomonas aeruginosa,,6818030,5939,66.2000,NA,bacteria,NA,NA,
Anabaena variabilis,,7015260,5039,41.3917,NA,bacteria,NA,NA,
Mesorhizobium loti,,7036071,6752,62.9000,NA,bacteria,NA,NA,
Pseudomonas fluorescens,,7074893,6137,60.1500,NA,bacteria,NA,NA,
Rhodopirellula baltica,,7145576,7325,55.4000,NA,bacteria,NA,NA,
Hahella chejuensis,,7215267,6782,53.9000,NA,bacteria,NA,NA,
Frankia torreyi,,7624760,5959,72.4000,NA,bacteria,NA,NA,
Rhizobium leguminosarum,,7751309,4746,60.8000,NA,bacteria,NA,NA,
Streptomyces coelicolor,,8667507,7825,72.2000,NA,bacteria,NA,NA,
Paraburkholderia agricolaris,,8721420,7566,61.6000,NA,bacteria,NA,NA,
Streptomyces avermitilis,,9025608,7577,70.6422,NA,bacteria,NA,NA,
Bradyrhizobium japonicum,Nitrogen-fixing plant symbiont,9105828,8317,63.5000,NA,bacteria,NA,NA,
Myxococcus xanthus,,9139763,7331,68.9000,NA,bacteria,NA,NA,
Sorangium cellulosum,,13033779,9367,71.9000,NA,bacteria,NA,NA,
Encephalitozoon cuniculi,,2288110,1997,46.9000,11,fungi,NA,NA,Human pathogen
Schizosaccharomyces pombe,fission yeast,12462637,4929,36.0000,3,fungi,NA,NA,
Saccharomyces cerevisiae,brewers yeast,12495682,5770,38.2000,16,fungi,yeast,NA,
Phanerochaete chrysosporium,crust fungus,34523900,11777,34.5239,10,fungi,NA,NA,"Wood rotting fungus, use in mycoremediation"
Schizophyllum commune,Splitgill mushroom,37574000,13210,57.6000,11,fungi,mushroom,NA,
Amanita phalloides,death cap,40385200,18153,42.2000,NA,fungi,NA,NA,
Neurospora crassa,bread mold,41325000,10082,48.0660,7,fungi,mold,NA,
Azolla caroliniana,mosquito fern,4711110,NA,38.6000,22,plant,fern,NA,
Utricularia gibba,humped bladderwort,100689000,28494,41.1434,4,plant,NA,NA,
Arabidopsis thaliana,thale cress,120108000,27407,36.1471,5,plant,NA,NA,
Capsella rubella,pink shepherd's-purse,133064000,26521,35.9000,8,plant,NA,NA,
Fragaria vesca,strawberry,214373000,34809,38.9793,7,plant,NA,NA,
Prunus persica,peach,220897000,16338,37.5401,8,plant,NA,NA,
Marchantia polymorpha,liverwort,222246000,24086,42.2000,9,plant,liverwort,NA,
Cucumis sativus,cucumber,240989000,30919,33.3995,7,plant,NA,NA,
Eutrema salsugineum,cress,243110000,26351,37.9000,7,plant,NA,NA,
Azadirachta indica,neem,271581000,20000,37.7122,14,plant,NA,NA,
Linum usitatissimum,flax,311273000,43384,38.9047,15,plant,NA,NA,
Erythranthe guttata,monkeyflower,322167000,31861,36.3144,31,plant,NA,NA,
Ricinus communis,Castor bean,333121000,32247,32.7737,10,plant,NA,NA,
Brassica rapa,mustard,349745000,48016,37.0400,10,plant,NA,NA,
Carica papaya,papaya,350833000,26103,36.0709,9,plant,NA,NA,
Cucumis melo,cantaloupe,365460000,27427,33.8072,12,plant,NA,NA,
Citrullus lanatus,watermelon,367122000,23440,33.8103,11,plant,NA,NA,
Mangifera indica,mango,374839000,38372,32.7954,20,plant,NA,NA,
Oryza sativa,rice,388474000,38007,43.5525,12,plant,NA,rice,
Populus trichocarpa,poplar,407764000,52256,34.2875,19,plant,NA,NA,
Amaranthus hypocondriacus,grain amaranth,417460000,23847,34.5087,16,plant,NA,NA,
Daucus carota,carrot,421539000,44655,36.0427,9,plant,NA,NA,
Phaseolus vulgaris,common bean,452733000,31638,33.9867,11,plant,NA,NA,
Musa acuminata,banana,461539000,36542,37.8645,11,plant,NA,NA,
Vitis vinifera,grape,474620000,30434,34.2500,19,plant,NA,NA,
Brassica oleracea,cabbage,529919000,56687,36.7659,9,plant,NA,NA,
Beta vulgaris,sugar beet,539552000,27421,36.2000,9,plant,NA,NA,
Malus domestica,apple,648801000,57386,38.1020,17,plant,NA,apple,
Phoenix dactylifera,date palm,664835000,28800,40.2053,18,plant,NA,NA,
Manihot esculenta,cassava,708180000,30666,37.5651,18,plant,NA,NA,
Sorghum bicolor,millet,743421000,34496,39.6500,10,plant,NA,NA,
Solanum lycopersicum,tomato,793815000,34727,34.4976,12,plant,NA,NA,
Cannabis sativa,hemp,876442000,31591,33.9552,10,plant,NA,hemp,
Glycine max,soybean,995269000,46430,34.9322,20,plant,NA,NA,
Phalaenopsis equestris,orchid,1064200000,29431,35.5000,19,plant,NA,NA,
Chenopodium quinoa,quinoa,1324040000,44776,37.0000,18,plant,NA,NA,
Zea mays,maize,2191730000,32000,46.7893,10,plant,NA,NA,
Helianthus annuus,sunflower,3047550000,52232,38.7032,17,plant,NA,NA,
Nicotiana tabacum,tobacco,3734230000,73946,39.0000,24,plant,NA,NA,
Pisum sativum,pea,3740490000,51160,38.0364,7,plant,pea,NA,
Saccharum officinarum,sugarcane,6804890000,25316,44.5812,40,plant,NA,NA,
Picea abies,Norway spruce,11961400000,28354,37.9000,12,plant,NA,spruce,
Triticum aestivum,wheat,14454100000,164000,46.0529,21,plant,wheat,wheat,
Pinus taeda,loblolly pine,22103600000,50172,34.8000,12,plant,pine,pine,
Paris japonica,Lily-of-the-Valley,149000000000,NA,NA,40,plant,NA,NA,
Macrocystis pyrifera,giant kelp,409091000,24778,50.0000,16,Chromista,kelp,NA,
Babesia microti,babesiosis pathogen,6438010,3601,36.3000,4,protist,NA,NA,
Giardia enterica,giardiasis pathogen,11700000,4470,49.0000,NA,protist,Giardia,NA,
Ostreococcus lucimarinus,green algae,12485100,7796,60.4431,21,protist,NA,NA,
Plasmodium falciparum,malaria pathogen,23494500,5268,19.9276,14,protist,malaria,NA,
Trypanosoma brucei,sleeping sickness pathogen,26991700,9068,46.2229,10,protist,NA,NA,
Trypanosoma cruzi,Chagas disease pathogen,29993000,22570,50.2000,40,protist,NA,NA,
Thalassiosira pseudonana,diatom,32437400,11242,46.9050,24,protist,diatom,NA,
Leishmania braziliensis,leishmaniasis pathogen,33503900,8314,57.7282,35,protist,NA,NA,
Dictyostelium discoideum,social amoeba,34205000,12500,22.4631,6,protist,NA,NA,
Toxoplasma gondii,Toxoplasma,64531200,8500,52.3000,14,protist,Toxoplasma,NA,
Chlamydomonas reinhardtii,,111105000,17737,64.0896,17,protist,NA,NA,
Volvox carteri,Volvox,137684000,14437,55.3000,14,protist,Volvox,NA,
Tetrahymena thermophila,,157693000,27000,22.3741,180,protist,NA,NA,
Oikopleura dioica,pelagic tunicate ,57806400,15328,20.2500,3,invertebrate,NA,NA,
Caenorhabditis elegans,lab nematode,103393000,21733,35.4311,6,invertebrate,nematode,nematode,
Hypsibius exemplaris,water bear,104155000,20853,44.5000,5,invertebrate,NA,water bear,
Trichoplax adhaerens,Trichoplax,105631681,11599,34.5000,6,invertebrate,NA,Trichoplax,
Pediculus humanus,human louse,110804242,10786,27.9000,18,invertebrate,NA,louse,
Ciona intestinalis,sea squirt,112164198,17784,36.1000,14,invertebrate,NA,NA,
Drosophila melanogaster,lab fruit fly,122653977,15682,42.0283,4,invertebrate,fruitfly,fruitfly,
Pleurobrachia bachei,ctenophore,156122000,19523,37.6000,13,invertebrate,NA,NA,
Tribolium castaneum,red flour beetle,165944000,16404,35.1887,10,invertebrate,NA,NA,
Amphimedon queenslandica,Queensland sponge,165983000,18693,34.0504,NA,invertebrate,sponge,sponge,
Heliconius sara,Sara long-wing butterfly,174452000,12669,33.7041,21,invertebrate,NA,NA,
Magicicada septendecula,seventeen-year cicada,226136000,28651,35.5000,10,invertebrate,NA,cicada,
Apis mellifera,honeybee,227093000,15314,32.5000,16,invertebrate,NA,honeybee,
Anopheles gambiae,African malaria mosquito,250435000,13683,44.1525,3,invertebrate,NA,mosquito,
Nematostella vectensis,starlet sea anemone,269418000,18000,40.7193,15,invertebrate,NA,NA,
Ascaris suum,roundworm,279177000,18542,37.7000,24,invertebrate,NA,NA,
Diaphorina citri,Asian citrus psyllid,282798000,21646,38.0000,13,invertebrate,NA,NA,
Atta colombica,leaf-cutter ant,291258000,16933,32.9000,11,invertebrate,NA,NA,
Bombus terrestris,bumblebee,320664000,25755,38.0986,18,invertebrate,NA,bumblebee,
Aurelia aurita,moon jellyfish,376932000,28625,34.6000,22,invertebrate,NA,NA,
Solenopsis invicta,red fire ant,384929000,30910,36.3428,16,invertebrate,NA,fire ant,
Lineus longissimus,bootlace worm,388052000,NA,41.4008,19,invertebrate,NA,NA,
Vanessa cardui,painted lady butterfly,424798000,19836,33.4089,31,invertebrate,NA,NA,
Acropora millepora,coral,430990000,30705,37.0827,14,invertebrate,NA,NA,
Acropora digitifera,stony coral,431663000,23700,39.7000,14,invertebrate,NA,coral,
Bombyx mori,silkmoth,452052000,14623,38.4275,28,invertebrate,NA,moth,
Bicyclus anynana,squinting bush brown butterfly,457160000,21603,36.5632,28,invertebrate,NA,NA,
Branchiostoma floridae,lancelet,513461000,50817,41.7036,19,invertebrate,NA,lancelet,
Acyrthosiphon pisum,pea aphid,537670000,36195,29.5677,4,invertebrate,NA,aphid,
Crassostrea gigas,oyster,587504000,26101,33.4866,10,invertebrate,NA,oyster,
Cimex lectularius,bed bug,604246000,24194,29.9499,16,invertebrate,NA,NA,
Bemisia tabaci,sweet potato whitefly,627867000,19666,39.6000,10,invertebrate,NA,NA,
Patella vulgata,limpet,693668000,31217,36.1000,9,invertebrate,NA,NA,
Rhodnius prolixus,kissing bug,706824000,15738,37.1000,10,invertebrate,NA,NA,
Saccoglossus kowalevskii,acorn worm,775840000,22086,38.1000,20,invertebrate,NA,NA,
Strongylocentrotus purpuratus,purple sea urchin,921856000,23300,37.4001,21,invertebrate,NA,NA,
Hydra magnipapillata,hydra,922867000,20000,27.0488,15,invertebrate,NA,NA,
Hofstenia miamia,acoel,949843000,"	23481",21.8000,NA,invertebrate,NA,NA,
Gerris buenoi,waterstrider,994443000,20949,35.0000,19,invertebrate,NA,NA,
Halyomorpha halys,brown marmorated stink bug,998241000,25026,30.8999,NA,invertebrate,NA,NA,
Cryptotermes secundus,drywood termite,1018930000,18162,41.3,20,invertebrate,NA,termite,
Nilaparvata lugens,brown planthopper,1087830000,21372,34.6880,15,invertebrate,NA,NA,
Oncopeltus fasciatus,milkweed bug,1099610000,19616,34.7000,8,invertebrate,NA,NA,
Aedes aegypti,yellow fever mosquit,1331350000,22000,38.1334,3,invertebrate,NA,NA,
Riptortus pedestris,bean bug,1372660000,19026,33.0000,6,invertebrate,NA,NA,
Eriocheir sinensis,Chinese mitten crab,1416510000,23300,41.9555,73,invertebrate,NA,NA,
Blattella germanica,cockroach,1916820000,29216,31.9000,12,invertebrate,NA,NA,
Homalodisca vitripennis,glassy-winged sharpshooter,1930940000,22578,33.1000,9,invertebrate,NA,NA,
Jadera haematoloma,soapberry bug,2076487780,19122,NA,7,invertebrate,NA,soapberry bug,
Ixodes scapularis,tick,2226880000,20486,46.0000,15,invertebrate,NA,tick,
Homarus americanus,American lobster,2292080000,40732,43.0000,55,invertebrate,NA,NA,
Octopus bimaculoides,octopus,2342530000,29037,38.1521,30,invertebrate,NA,NA,
Parhyale hawaiensis,beach hopper,2752560000,21218,32.6000,23,invertebrate,NA,NA,
Paralithodes camtschaticus,red king crab,3809540000,27536,39.5000,104,invertebrate,NA,NA,
Euprymna scolopes,bobtail squid,5198170000,NA,29.9850,48,invertebrate,NA,NA,
Epiperipatus broadwayi,velvet worm,5601410000,27304,27.2000,11,invertebrate,NA,NA,
Schistocerca gregaria,locust,8742430000,18815,42.5599,12,invertebrate,NA,NA,
Myrmecia pilosula,jack jumper ant,NA,NA,NA,1,invertebrate,NA,NA,
Osphranter rufus,kangaroo,2221470,NA,44.8000,8,vertebrate,NA,NA,
Takifugu rubripes,pufferfish,384127000,27918,45.6992,22,vertebrate,NA,pufferfish,
Chaenocephalus aceratus,blackfin icefish,844526000,37982,42.0859,24,vertebrate,NA,NA,
Amphiprion ocellaris,clown anemonefish,872094000,29004,39.5425,24,vertebrate,NA,NA,
Amphilophus citrinellus,Midas cichlid,903067000,23696,40.5932,23,vertebrate,NA,NA,
Petromyzon marinus,lamprey,987293000,14141,47.5500,85,vertebrate,NA,lamprey,
Gallus gallus,chicken,1050510000,16736,42.0132,40,vertebrate,NA,chicken,
Meleagris gallopavo,turkey,1068450000,29667,41.1062,40,vertebrate,NA,NA,
Taeniopygia guttata,zebra finch,1068990000,20700,41.8000,38,vertebrate,NA,NA,
Anas platyrhynchos,duck,1136415614,16618,41.9964,32,vertebrate,NA,duck,
Haliaeetus leucocephalus,bald eagle,1178410000,25265,41.8000,33,vertebrate,NA,NA,
Danio rerio,zebrafish,1405100000,30214,36.9000,25,vertebrate,zebrafish,zebrafish,
Python bivittatus,Burmese python,1435050000,22427,39.7000,18,vertebrate,NA,python,
Polyodon spathula,Mississippi paddlefish,1569990000,18048,37.7606,60,vertebrate,NA,NA,
Anolis carolinensis,anole,1799140000,18595,40.8238,13,vertebrate,NA,NA,
Ornithorhynchus anatinus,platypus,1924850000,18500,46.2349,26,vertebrate,NA,platypus,
Myotis lucifugus,brown bat,1966419868,19728,42.7000,22,vertebrate,NA,brown bat,
Amblyraja radiata,thorny skate,2010610000,25978,44.6570,50,vertebrate,NA,skate,
Balaenoptera musculus,blue whale,2105130000,27181,41.0934,22,vertebrate,NA,blue whale,
Chelonia mydas,sea turtle,2134380000,22323,44.0465,28,vertebrate,NA,sea turtle,
Alligator mississippiensis,alligator,2161710000,24713,44.3000,16,vertebrate,NA,alligator,
Malaclemys terrapin,diamondback terrapin,2212840000,25995,44.4593,25,vertebrate,NA,NA,
Ailuropoda melanoleuca,panda,2299509015,19343,41.7000,21,vertebrate,NA,panda,
Canis lupus familiaris,dog,2344990000,19000,41.2171,39,vertebrate,NA,dog,
Orcinus orca,orca,2372900000,27857,41.9011,22,vertebrate,NA,orca,
Mustela putorius,ferret,2410758013,19910,40.9000,20,vertebrate,NA,ferret,
Vulpes vulpes,fox,2421570000,29024,41.3000,17,vertebrate,NA,fox,
Odocoileus virginianus,white-tailed deer,2424210000,31542,41.5195,35,vertebrate,NA,NA,
Enhydra lutris,sea otter,2440440000,24129,41.5000,19,vertebrate,NA,NA,
Polypterus senegalus,bichir,2443280000,24059,38.0634,18,vertebrate,NA,bichir,
Sus scrofa,pig,2458100000,24000,41.6000,19,vertebrate,NA,pig,
Equus caballus,horse,2474920000,30837,41.4136,32,vertebrate,NA,NA,
Felis domesticus,cat,2493140000,20285,41.8806,19,vertebrate,NA,cat,
Ursus americanus,black bear,2556320000,28884,42.5000,37,vertebrate,NA,bear,
Mus musculus,mouse,2595890000,23000,41.9001,20,vertebrate,mouse,mouse,
Bos taurus,cattle,2711210000,22000,41.9273,30,vertebrate,NA,NA,
Cavia porcellus,guinea pig,2723220000,31547,40.1000,32,vertebrate,NA,NA,
Xenopus laevis,African clawed frog,2730450000,20223,39.7052,18,vertebrate,NA,frog,
Rattus norvegicus,rat,2757150000,22171,41.8562,21,vertebrate,NA,rat,
Latimeria chalumnae,coelacanth,2798460000,19033,42.5500,24,vertebrate,NA,coelacanth,
Capra hircus,domestic goat,2932160000,26190,42.1129,29,vertebrate,NA,goat,
Castor canadensis,beaver,2947650000,29510,39.3500,20,vertebrate,NA,NA,
Macaca mulatta,Rhesus monkey,3004240000,17802,41.1632,21,vertebrate,NA,NA,
Pan troglodytes,chimpanzee,3050400000,21522,40.8082,24,vertebrate,chimp,NA,
Gorilla gorilla,gorilla,3063360000,21794,40.7803,24,vertebrate,NA,NA,
Trichechus manatus,manatee,3103810000,19082,41.6000,24,vertebrate,NA,NA,
Sarcophilus harrisii,Tasmanian devil,3174690000,18775,37.0000,7,vertebrate,NA,NA,
Phascolarctos cinereus,koala,3192581492,19833,39.1000,8,vertebrate,NA,koala,
Loxodonta africana,African elephant,3196760833,20033,40.9000,28,vertebrate,NA,NA,
Homo sapiens,human,3234830000,21306,40.4000,23,vertebrate,human,human,
Pongo abelii,orangutan,3253140000,NA,41.1801,24,vertebrate,NA,NA,
Choloepus hoffmanni,two-toed sloth,3286010000,16102,40.0000,25,vertebrate,NA,sloth,
Carcharodon carcharias,great white shark,3915280000,25151,45.0000,41,vertebrate,NA,shark,
Sphenodon punctatus,tuatara,4272210000,17448,47.0000,18,vertebrate,NA,tuatara,
Ambystoma mexicanum,axolotl,28206900000,23251,46.0108,14,vertebrate,axolotl,axolotl,
Protopterus aethiopicus,lungfish,130000000000,31120,40.4495,14,vertebrate,NA,lungfish,